email,username,gender,birthdate,country
bgarcia@yahoo.com,bgarcia,Male,1964-02-24,Australia
carol.wilson@gmail.com,carol.wilson,Non-binary,1997-08-26,Australia
betty.carter@outlook.com,betty.carter,Prefer not to say,1978-05-04,Mexico
kking@yahoo.com,kking,Female,1970-04-19,United Kingdom
edwardcam@hotmail.com,edwardcam,Male,1970-04-06,Japan
dthomas@university.edu,dthomas,Non-binary,1960-04-24,Australia
donna_264@gmail.com,donna_264,Non-binary,2002-04-05,Japan
mark_220@outlook.com,mark_220,Female,1966-02-11,Canada
sandramit@outlook.com,sandramit,Male,1988-09-17,Japan
jamesflo@university.edu,jamesflo,Non-binary,1961-01-24,Canada
michelle_86@protonmail.com,michelle_86,Female,1979-03-21,Japan
jgonzalez@university.edu,jgonzalez,Male,1975-10-02,Canada
joseph.wilson@protonmail.com,joseph.wilson,Prefer not to say,1978-12-01,United Kingdom
lwhite@gmail.com,lwhite,Prefer not to say,1994-06-10,Colombia
jamessmi@icloud.com,jamessmi,Female,1983-11-18,Argentina
jessica.taylor@yahoo.com,jessica.taylor,Male,2000-11-10,Egypt
emilylop@icloud.com,emilylop,Female,1960-03-14,Nigeria
paul_513@outlook.com,paul_513,Prefer not to say,1985-07-23,Nigeria
daniel.anderson@icloud.com,daniel.anderson,Non-binary,1993-03-26,Canada
christopher.thomas@university.edu,christopher.thomas,Prefer not to say,1956-06-12,Brazil
anthony_923@gmail.com,anthony_923,Female,1991-01-11,South Africa
joseph.garcia@edu.com,joseph.garcia,Male,1963-05-16,Mexico
nancyper@gmail.com,nancyper,Prefer not to say,1976-12-20,Australia
georgedav@protonmail.com,georgedav,Female,1960-02-14,India
dorothy_89@gmail.com,dorothy_89,Prefer not to say,1974-04-13,Mexico
kenneth.adams@edu.com,kenneth.adams,Female,1963-10-01,Colombia
psmith@outlook.com,psmith,Prefer not to say,1959-01-17,United Kingdom
rebeccamil@protonmail.com,rebeccamil,Non-binary,1995-04-06,United Kingdom
lramirez@university.edu,lramirez,Female,1976-11-15,France
ronald_72@icloud.com,ronald_72,Male,1967-01-22,France
melissa_403@yahoo.com,melissa_403,Male,1966-08-10,Argentina
mark.hernandez@icloud.com,mark.hernandez,Male,1997-10-07,Argentina
jlee@gmail.com,jlee,Male,2003-03-10,Mexico
joshua_831@protonmail.com,joshua_831,Non-binary,1979-11-29,Brazil
christopher.rivera@university.edu,christopher.rivera,Non-binary,1978-08-23,United Kingdom
john.lee@icloud.com,john.lee,Non-binary,1962-08-14,Colombia
brian_343@university.edu,brian_343,Male,1980-03-04,Mexico
ronald.lopez@edu.com,ronald.lopez,Non-binary,1999-09-19,Mexico
deborahhil@gmail.com,deborahhil,Male,1957-02-26,Australia
tgreen@gmail.com,tgreen,Male,1986-04-27,Brazil
kenneth.walker@protonmail.com,kenneth.walker,Prefer not to say,1979-05-20,France
lisa.king@gmail.com,lisa.king,Male,1956-03-20,Colombia
cwilliams@edu.com,cwilliams,Non-binary,1977-11-12,Germany
michellerob@protonmail.com,michellerob,Prefer not to say,2003-01-15,France
david.white@protonmail.com,david.white,Non-binary,1967-09-27,Brazil
sandra_333@edu.com,sandra_333,Male,1960-06-06,Australia
kimberly_723@icloud.com,kimberly_723,Male,1962-02-05,Japan
linda.hernandez@edu.com,linda.hernandez,Female,1986-08-29,Egypt
kevin.white@icloud.com,kevin.white,Male,1984-08-06,Germany
sarah.miller@university.edu,sarah.miller,Prefer not to say,1961-05-03,Germany
rgreen@university.edu,rgreen,Prefer not to say,1998-06-10,Colombia
richard.roberts@gmail.com,richard.roberts,Female,1975-07-09,Nigeria
sarah_607@edu.com,sarah_607,Male,1997-04-30,United Kingdom
betty_996@yahoo.com,betty_996,Non-binary,1992-01-29,Colombia
charles_398@protonmail.com,charles_398,Female,1987-10-15,Germany
amandamar@outlook.com,amandamar,Male,2000-08-14,Argentina
jennifer_894@outlook.com,jennifer_894,Non-binary,1979-05-23,South Africa
dorothyriv@university.edu,dorothyriv,Male,1984-02-14,Nigeria
jmoore@protonmail.com,jmoore,Male,1956-10-17,Mexico
kmartin@protonmail.com,kmartin,Female,1991-05-08,Colombia
rnguyen@university.edu,rnguyen,Prefer not to say,1956-08-22,South Africa
sarah_416@edu.com,sarah_416,Prefer not to say,1977-11-05,Colombia
jessica.lewis@icloud.com,jessica.lewis,Non-binary,1977-04-09,Argentina
barbara.thompson@university.edu,barbara.thompson,Prefer not to say,1965-12-31,United Kingdom
jason_595@protonmail.com,jason_595,Prefer not to say,1994-08-12,South Africa
ashley_445@gmail.com,ashley_445,Male,1962-04-28,Mexico
richard_177@protonmail.com,richard_177,Non-binary,1966-04-27,Mexico
kevinada@yahoo.com,kevinada,Prefer not to say,1995-03-22,Argentina
donna.young@icloud.com,donna.young,Prefer not to say,1992-09-20,France
adavis@edu.com,adavis,Prefer not to say,1974-01-26,India
jnelson@university.edu,jnelson,Prefer not to say,1997-11-01,Colombia
edward.davis@icloud.com,edward.davis,Prefer not to say,1995-05-25,Colombia
patricia.rodriguez@yahoo.com,patricia.rodriguez,Non-binary,1987-04-18,Germany
thomas.flores@icloud.com,thomas.flores,Non-binary,1996-02-12,United Kingdom
bettyhar@university.edu,bettyhar,Non-binary,1978-03-06,Colombia
dscott@icloud.com,dscott,Prefer not to say,1985-03-21,Brazil
sharon_699@hotmail.com,sharon_699,Non-binary,1976-09-17,Nigeria
klopez@gmail.com,klopez,Female,1985-08-20,South Africa
jamesbak@university.edu,jamesbak,Female,1997-03-06,Japan
kennethriv@university.edu,kennethriv,Non-binary,1989-11-27,Egypt
steven.scott@protonmail.com,steven.scott,Prefer not to say,1969-02-19,Argentina
margaret_250@edu.com,margaret_250,Male,2003-06-22,South Africa
kenneth_806@edu.com,kenneth_806,Non-binary,1982-06-22,Japan
sadams@hotmail.com,sadams,Male,1987-05-01,United States
donald_860@yahoo.com,donald_860,Non-binary,1993-10-15,Australia
donald_901@protonmail.com,donald_901,Non-binary,1967-07-10,India
michael.clark@yahoo.com,michael.clark,Female,1989-12-14,Egypt
sandra.nguyen@university.edu,sandra.nguyen,Non-binary,1970-07-29,Mexico
susan.thompson@edu.com,susan.thompson,Non-binary,1961-08-20,Brazil
michelle.walker@university.edu,michelle.walker,Female,2000-09-20,Australia
patricia.walker@gmail.com,patricia.walker,Male,2001-12-31,Australia
jcarter@gmail.com,jcarter,Female,1967-09-09,South Africa
donaldmar@edu.com,donaldmar,Non-binary,1970-10-02,Mexico
charles.miller@yahoo.com,charles.miller,Non-binary,1989-01-12,Colombia
michelle.flores@outlook.com,michelle.flores,Prefer not to say,1981-12-17,Colombia
thomas.williams@yahoo.com,thomas.williams,Female,2003-08-30,Japan
ashley.hill@protonmail.com,ashley.hill,Non-binary,1993-12-29,Mexico
danielmil@gmail.com,danielmil,Female,1971-12-01,Mexico
emitchell@edu.com,emitchell,Prefer not to say,1993-10-11,Egypt
donnatay@protonmail.com,donnatay,Female,1971-12-12,Nigeria
dthompson@outlook.com,dthompson,Non-binary,2002-07-16,Brazil
sarah_746@hotmail.com,sarah_746,Non-binary,1982-07-01,United States
deborahtho@university.edu,deborahtho,Female,1997-08-09,Egypt
ronaldgar@yahoo.com,ronaldgar,Female,1990-12-23,France
johnper@outlook.com,johnper,Prefer not to say,1993-01-31,Mexico
jmartinez@hotmail.com,jmartinez,Female,1996-10-17,Brazil
emily_482@hotmail.com,emily_482,Non-binary,2000-10-09,Argentina
joshuagar@edu.com,joshuagar,Female,1994-09-10,Japan
dorothy_273@edu.com,dorothy_273,Male,1962-06-27,Germany
marylew@edu.com,marylew,Non-binary,1989-03-04,United Kingdom
sharon.mitchell@icloud.com,sharon.mitchell,Female,1998-08-10,Canada
kevinall@gmail.com,kevinall,Male,1980-08-17,Germany
robert.rivera@university.edu,robert.rivera,Male,1964-03-05,United Kingdom
jroberts@hotmail.com,jroberts,Prefer not to say,1977-04-17,United States
susan_383@yahoo.com,susan_383,Prefer not to say,1981-02-11,Australia
rebecca.thompson@yahoo.com,rebecca.thompson,Non-binary,1973-10-18,Australia
robert.nelson@yahoo.com,robert.nelson,Non-binary,1984-01-02,France
margaretlew@yahoo.com,margaretlew,Prefer not to say,1974-08-21,United States
brian.williams@university.edu,brian.williams,Female,1979-09-10,Canada
mark.white@university.edu,mark.white,Male,1975-12-04,United Kingdom
michael_965@hotmail.com,michael_965,Female,1995-08-27,Australia
sharon.hill@yahoo.com,sharon.hill,Male,1955-07-06,Egypt
charles_185@outlook.com,charles_185,Female,1961-11-19,Colombia
lhernandez@gmail.com,lhernandez,Prefer not to say,1955-01-03,Canada
jking@protonmail.com,jking,Prefer not to say,1993-04-01,United States
david.adams@protonmail.com,david.adams,Non-binary,1977-05-22,Japan
gwilliams@university.edu,gwilliams,Male,1962-06-27,Argentina
emily.rivera@gmail.com,emily.rivera,Non-binary,1982-03-03,United States
jenniferlee@yahoo.com,jenniferlee,Non-binary,1965-02-03,Mexico
edward.green@outlook.com,edward.green,Prefer not to say,1998-03-27,Mexico
sgonzalez@university.edu,sgonzalez,Prefer not to say,1998-06-27,Brazil
plee@edu.com,plee,Non-binary,1968-06-05,India
dsmith@outlook.com,dsmith,Non-binary,1971-02-06,Brazil
laura.taylor@edu.com,laura.taylor,Prefer not to say,1978-08-20,South Africa
linda_756@icloud.com,linda_756,Male,1978-02-18,Nigeria
kimberly_520@yahoo.com,kimberly_520,Non-binary,1965-05-22,Japan
emily.miller@icloud.com,emily.miller,Male,1956-11-21,Mexico
dnelson@icloud.com,dnelson,Male,1998-12-20,Japan
david_513@icloud.com,david_513,Non-binary,1959-03-09,Germany
gjackson@protonmail.com,gjackson,Non-binary,1967-04-30,South Africa
barbara_424@gmail.com,barbara_424,Male,2002-07-21,Nigeria
dwilliams@yahoo.com,dwilliams,Prefer not to say,1975-05-25,Egypt
stevennel@edu.com,stevennel,Non-binary,2000-09-27,Colombia
mlewis@outlook.com,mlewis,Male,1977-11-09,Brazil
george.torres@protonmail.com,george.torres,Male,1968-06-11,India
matthew.nelson@university.edu,matthew.nelson,Male,1955-12-14,Brazil
pjones@hotmail.com,pjones,Non-binary,1993-03-19,Mexico
donaldmar1@university.edu,donaldmar1,Prefer not to say,1990-02-12,Nigeria
mbaker@protonmail.com,mbaker,Prefer not to say,1965-11-25,South Africa
jennifer.lee@university.edu,jennifer.lee,Male,1993-10-17,Canada
brian.robinson@gmail.com,brian.robinson,Prefer not to say,1955-06-28,Colombia
donaldsco@protonmail.com,donaldsco,Non-binary,1987-12-28,India
sandra_552@university.edu,sandra_552,Male,1998-04-06,Brazil
sandra.young@outlook.com,sandra.young,Female,1970-11-13,Germany
donnadav@gmail.com,donnadav,Male,1968-07-20,France
davidlew@icloud.com,davidlew,Female,1998-07-15,Australia
srobinson@gmail.com,srobinson,Male,2001-12-31,United Kingdom
aroberts@protonmail.com,aroberts,Prefer not to say,1980-09-16,Egypt
stephanie.sanchez@yahoo.com,stephanie.sanchez,Female,1970-10-28,France
timothysan@gmail.com,timothysan,Female,2002-09-27,Brazil
michael.mitchell@outlook.com,michael.mitchell,Prefer not to say,1987-02-02,Argentina
kevin.williams@edu.com,kevin.williams,Male,1970-02-09,Nigeria
carolsan@university.edu,carolsan,Female,1960-08-02,Colombia
bperez@yahoo.com,bperez,Male,1983-07-14,Brazil
mark.harris@edu.com,mark.harris,Female,1992-01-31,Mexico
margaret_564@hotmail.com,margaret_564,Male,1989-08-10,United Kingdom
stephanie_259@university.edu,stephanie_259,Female,1971-11-13,South Africa
patriciaflo@icloud.com,patriciaflo,Non-binary,1979-10-02,United States
rebecca.scott@edu.com,rebecca.scott,Male,1979-01-24,Mexico
mark_829@hotmail.com,mark_829,Male,1999-09-06,Argentina
sharonwri@protonmail.com,sharonwri,Male,1965-07-09,United States
kenneth_457@icloud.com,kenneth_457,Non-binary,2003-06-09,Japan
charlestho@gmail.com,charlestho,Non-binary,1955-07-10,Brazil
panderson@edu.com,panderson,Prefer not to say,1955-02-12,Colombia
johnhar@university.edu,johnhar,Male,1988-06-17,Germany
charles.robinson@icloud.com,charles.robinson,Male,1976-10-05,Germany
donald_139@gmail.com,donald_139,Prefer not to say,1969-05-03,Brazil
thomaswhi@gmail.com,thomaswhi,Non-binary,1959-04-15,Colombia
kenneth.brown@icloud.com,kenneth.brown,Non-binary,1999-01-17,Germany
donald.wilson@protonmail.com,donald.wilson,Prefer not to say,1971-02-22,Germany
maryhar@icloud.com,maryhar,Prefer not to say,1955-03-29,United Kingdom
daniellee@gmail.com,daniellee,Female,1988-03-26,Japan
bjones@gmail.com,bjones,Female,1965-07-03,France
david.taylor@yahoo.com,david.taylor,Prefer not to say,1994-04-09,Egypt
timothy.roberts@icloud.com,timothy.roberts,Female,1965-12-14,Argentina
michelle.mitchell@protonmail.com,michelle.mitchell,Male,1962-11-16,France
dgarcia@yahoo.com,dgarcia,Male,1966-05-30,Nigeria
esmith@gmail.com,esmith,Non-binary,1979-08-29,Canada
nancyram@hotmail.com,nancyram,Prefer not to say,1968-10-26,Brazil
brian_158@protonmail.com,brian_158,Female,1995-03-14,Japan
ashley.flores@outlook.com,ashley.flores,Female,1988-02-29,Argentina
jessica_59@gmail.com,jessica_59,Prefer not to say,1987-12-03,Australia
anthony.williams@outlook.com,anthony.williams,Male,1982-01-24,Australia
dwilson@yahoo.com,dwilson,Non-binary,1967-04-14,Japan
edwardjon@edu.com,edwardjon,Non-binary,1989-12-06,Argentina
richardram@edu.com,richardram,Female,1986-05-24,Canada
kmartin1@protonmail.com,kmartin1,Prefer not to say,1988-06-12,Japan
timothy.davis@icloud.com,timothy.davis,Non-binary,1964-10-07,Brazil
brian.anderson@university.edu,brian.anderson,Prefer not to say,1997-12-19,South Africa
joseph.thomas@outlook.com,joseph.thomas,Male,1972-10-21,Germany
