usage_id,user_email,dataset_uuid,project_name,project_category,usage_date
1,tgreen@gmail.com,dca0300f-ec77-4233-95ce-f7556a7a57f7,Digital Divide Analysis,analytics,2021-05-07
2,jennifer_894@outlook.com,be55ae87-0386-456e-a263-210fbc7d9bdf,Population Growth Forecast,field research,2023-07-17
3,edwardjon@edu.com,92e346dc-034e-47cf-96cc-61635f4b7154,Economic Forecasting Model,field research,2023-03-13
4,emitchell@edu.com,62b712f3-2fab-4bc7-8738-ea0d82bf589d,Social Mobility Research,analytics,2021-10-26
5,donna_264@gmail.com,2164625c-e9b6-473c-af91-cf80bad1844e,Renewable Energy Mapping,field research,2023-09-11
6,tgreen@gmail.com,fb5316ef-365e-4e10-8b59-da027c26038a,Climate Impact Analysis,machine learning,2020-01-12
7,donna_264@gmail.com,174236e3-85a6-447f-9e85-83ee9057a803,Infrastructure Assessment,analytics,2024-05-05
8,gjackson@protonmail.com,b289c364-500f-40cf-a471-753de6e947c4,Budget Optimization,machine learning,2022-05-28
9,plee@edu.com,8666dcbf-9180-44c2-b6a8-8b01332af4ba,Water Quality Monitoring,analytics,2024-07-20
10,emily.rivera@gmail.com,d6fc3369-ef8f-4c5f-82f2-dc16d84d48d7,Education Gap Research,machine learning,2020-03-28
11,nancyram@hotmail.com,69e256b5-f7af-452c-aa5c-2047f8324b35,Water Quality Monitoring,machine learning,2022-09-03
12,esmith@gmail.com,aaef7cb8-4050-4ce5-be06-bdb6559ad6a0,Disaster Resilience Planning,machine learning,2022-05-23
13,richard.roberts@gmail.com,04ac7e69-fb53-4c00-8f94-94813408c634,Population Growth Forecast,analytics,2021-12-31
14,sarah_607@edu.com,a0a903f3-cf07-4a02-967e-2121078df2be,Transportation Network Analysis,analytics,2022-12-21
15,jamessmi@icloud.com,6a178165-27ac-47ee-8bde-484fb90716db,Housing Affordability,field research,2020-10-28
16,richard.roberts@gmail.com,c14ecae9-72b7-46d0-abf7-80d3f9b383e6,Fraud Detection System,analytics,2023-03-01
17,margaretlew@yahoo.com,8cbb2bcd-dc65-4f1a-b377-56d161f6573c,Public Health Dashboard,field research,2024-06-20
18,mbaker@protonmail.com,d5a16f46-971e-4c82-b644-fc92c9e616c5,Energy Efficiency Audit,machine learning,2022-08-08
19,emily.rivera@gmail.com,cc54a24c-655f-4627-b101-fcf3868cda18,Biodiversity Survey,field research,2022-08-13
20,donaldmar@edu.com,ee21c7e6-7277-4efa-9664-074ef8ac49f9,Population Growth Forecast,field research,2022-03-22
21,john.lee@icloud.com,27f6cdf5-bb47-4407-a26c-bbaf7083ea58,Climate Impact Analysis,field research,2022-11-04
22,mark_829@hotmail.com,f007a19d-f307-4d4c-aed4-d28c57dcaf29,Fraud Detection System,field research,2024-08-25
23,jmartinez@hotmail.com,c07ccff2-e1d7-4cab-a82a-c5b890d5859e,Environmental Compliance,machine learning,2022-07-31
24,kimberly_520@yahoo.com,d408c346-993a-4a3e-904e-2af0278b02bd,Air Quality Index Tracker,analytics,2022-11-01
25,stephanie_259@university.edu,acb47e87-b576-4b99-882b-22c061a4c14f,Public Health Dashboard,machine learning,2023-01-20
26,pjones@hotmail.com,f79d2e0e-d1eb-4763-ba39-b219a9e8810c,Climate Impact Analysis,analytics,2022-02-13
27,brian.anderson@university.edu,1814fb29-e358-4f42-aecf-2b45edac4fb5,Fraud Detection System,machine learning,2024-10-14
28,edward.green@outlook.com,90d1e929-6e80-422c-a977-1f9e3d97741b,Customer Behavior Model,field research,2020-05-09
29,kenneth.walker@protonmail.com,c16897cf-e030-43a3-aca2-2c257225ba21,Food Security Assessment,analytics,2021-09-30
30,dgarcia@yahoo.com,39a9aa76-cef1-4cfd-a545-4b551a54236b,Energy Efficiency Audit,machine learning,2020-12-17
31,gjackson@protonmail.com,3db016d1-1c9c-4ab3-ab58-2befe032a18b,Voter Turnout Study,machine learning,2021-10-22
32,jenniferlee@yahoo.com,38d28af6-5b6c-4b4f-8aa7-8a54990c052b,Climate Impact Analysis,machine learning,2023-01-23
33,brian.anderson@university.edu,1b1cc182-4b2d-4169-ac6b-3c642a4c58d3,Air Quality Index Tracker,machine learning,2023-05-07
34,christopher.rivera@university.edu,0793cafa-1513-41d4-8015-c6428356e7e0,Biodiversity Survey,machine learning,2020-07-25
35,sharonwri@protonmail.com,c974eecc-c79a-4631-acda-3f1d9f5f44b6,Disaster Resilience Planning,machine learning,2023-05-23
36,jroberts@hotmail.com,3aa35ff4-b6e9-4145-a6d9-dc0f58c8da86,Environmental Compliance,analytics,2020-03-25
37,stevennel@edu.com,beb9cf5b-ef2f-46f2-86ac-850891f9ad5e,Population Growth Forecast,analytics,2021-06-25
38,mlewis@outlook.com,aa5eadb5-6564-4e53-87a8-0c71f5f93a5c,Climate Impact Analysis,field research,2023-01-23
39,susan.thompson@edu.com,13d1fcbf-4ded-445f-997a-b76d1701656e,Renewable Energy Mapping,machine learning,2021-06-11
40,kimberly_520@yahoo.com,9c2bca5d-328a-48ba-aedd-9bff175dec20,Housing Affordability,field research,2020-04-01
41,adavis@edu.com,885d2743-40b2-41cf-a805-a97e84d495e0,Housing Affordability,analytics,2021-01-29
42,ashley_445@gmail.com,f9a3f5e1-eb81-4025-a646-fb1940f40203,Fraud Detection System,machine learning,2023-01-09
43,ashley.hill@protonmail.com,5775e9f7-6025-4345-ac4b-2c3df6e93df9,COVID-19 Impact Study,machine learning,2024-02-16
44,carolsan@university.edu,db176386-7461-48cd-b399-7671456cddb3,Healthcare Access Study,analytics,2021-01-09
45,kenneth.adams@edu.com,1ea4886d-f13e-42b2-b9f1-ddd95b737d68,Public Health Dashboard,field research,2022-10-29
46,donald_139@gmail.com,8cbb2bcd-dc65-4f1a-b377-56d161f6573c,Budget Optimization,field research,2022-05-15
47,jessica_59@gmail.com,f05a2631-a9e5-4ee4-8e07-541532b767da,Budget Optimization,machine learning,2020-04-24
48,margaret_250@edu.com,c5d301e4-4da5-4cb6-ae47-f592cecdb91e,Biodiversity Survey,field research,2024-12-15
49,donaldmar1@university.edu,2c921531-532e-4f52-bd6e-5cca94709ec3,Biodiversity Survey,field research,2021-09-13
50,jennifer_894@outlook.com,554d9735-62ee-43a6-a82b-54cc708bee15,Climate Impact Analysis,field research,2022-10-18
51,michelle.mitchell@protonmail.com,b9863546-08bb-4ab2-b300-5e9277b6f4d7,Climate Impact Analysis,field research,2021-03-09
52,jroberts@hotmail.com,7d996498-4b3b-4ac9-8163-8dd4467ec2e1,Energy Efficiency Audit,field research,2024-05-08
53,donald_901@protonmail.com,f89b7ba5-928b-4158-918a-8c2ba7df2a30,Customer Behavior Model,analytics,2022-06-17
54,rebeccamil@protonmail.com,9ce133f7-f65d-484e-93b7-49fe3fd6edf6,Budget Optimization,field research,2024-11-30
55,linda_756@icloud.com,00220f06-bbe1-4945-b5a1-ba319e9d25a0,Transportation Network Analysis,analytics,2021-08-11
56,anthony_923@gmail.com,b20e7a98-8bbc-4b87-a3de-35361028739a,Poverty Alleviation Program,machine learning,2022-09-23
57,david_513@icloud.com,2ab76fcb-ece0-4fcc-88bf-375bd17bb8c0,Biodiversity Survey,analytics,2021-04-26
58,kevin.williams@edu.com,3b206dd0-0b00-48d4-87ef-2ba85a5b4dee,Water Quality Monitoring,analytics,2024-01-03
59,christopher.thomas@university.edu,dbd6f154-03e1-407a-8496-f99e98a55f17,Digital Divide Analysis,analytics,2020-09-01
60,charles_185@outlook.com,b399a46d-18f5-4ae9-8cce-602ffe7247e9,Agricultural Yield Prediction,machine learning,2020-10-08
61,adavis@edu.com,82ce7076-179b-403f-8abd-7d3ae3f65682,Disaster Resilience Planning,field research,2021-07-18
62,timothy.roberts@icloud.com,9a1a4d85-cf71-4dfc-a8c3-728dff86780b,Crime Pattern Analysis,analytics,2024-09-06
63,lramirez@university.edu,5e78ff4a-d4f3-4042-ba4b-60756d69b7e1,Housing Affordability,analytics,2022-07-09
64,dorothyriv@university.edu,33d0b258-34a9-4b4c-8c94-174553e4e81b,Poverty Alleviation Program,analytics,2021-12-21
65,stephanie_259@university.edu,06c009c8-a6e7-4575-9942-a60cdd7509f9,Disaster Resilience Planning,machine learning,2022-04-16
66,kevinall@gmail.com,f18a216b-e215-44ad-af84-aacf6510a4d5,Urban Mobility Study,field research,2021-09-24
67,kking@yahoo.com,25fe8453-3fea-4241-ba7c-9ba09fac3792,Customer Behavior Model,machine learning,2022-12-02
68,jnelson@university.edu,c115b5e9-480e-4661-907c-30606f37e7a6,Customer Behavior Model,machine learning,2021-06-02
69,kking@yahoo.com,4006accd-6281-49d4-b012-b15e3ae1ed4b,Economic Forecasting Model,machine learning,2022-06-24
70,susan_383@yahoo.com,d40aa760-06d6-411e-a45a-4c71348ae786,Budget Optimization,machine learning,2020-10-11
71,ronald_72@icloud.com,7d60dd64-4778-4951-a149-cae7b724476b,Disaster Resilience Planning,field research,2022-09-21
72,sgonzalez@university.edu,74a5da5a-c643-4b79-b521-04ab9624101a,Agricultural Yield Prediction,machine learning,2021-12-03
73,kevin.williams@edu.com,8a8fcc7b-8bbe-4939-a626-619edd530e29,Agricultural Yield Prediction,machine learning,2023-09-21
74,sharon_699@hotmail.com,93446be4-fa46-404d-b778-33285a906b20,Voter Turnout Study,machine learning,2023-02-25
75,dorothy_273@edu.com,16dc5c73-fb3d-44df-b118-36a7c39aede6,Water Quality Monitoring,analytics,2023-06-03
76,sandra_333@edu.com,9d5c1f36-1ca4-499a-aade-e40acaf209e3,Disaster Resilience Planning,analytics,2022-08-06
77,lisa.king@gmail.com,db176386-7461-48cd-b399-7671456cddb3,COVID-19 Impact Study,machine learning,2022-08-25
78,aroberts@protonmail.com,958cf4df-6c37-49dd-992b-6d05cba79f5d,Urban Mobility Study,machine learning,2023-09-26
79,donna_264@gmail.com,464fc6fb-8265-42ab-b50c-c662f3d2b19f,Agricultural Yield Prediction,machine learning,2020-08-01
80,jmoore@protonmail.com,ed95fbf4-cdb5-41f7-ab14-ba63f4587123,Energy Efficiency Audit,machine learning,2024-01-08
81,kmartin@protonmail.com,0fcae0b6-f2c0-4252-ade8-c804afbcfde6,Budget Optimization,field research,2023-01-05
82,linda_756@icloud.com,2c3e8e18-3c05-487f-aca6-c4d894bd9449,Crime Pattern Analysis,field research,2020-10-03
83,richard.roberts@gmail.com,52736be6-f95f-44e9-9ccb-0b108497e408,Housing Affordability,field research,2024-03-17
84,davidlew@icloud.com,60b2f1b2-74ea-42cc-a423-beb42a878777,Healthcare Access Study,analytics,2020-11-13
85,jcarter@gmail.com,dd5ce2d9-6a05-4bd9-a290-f9df14b6c63a,Fraud Detection System,machine learning,2022-05-16
86,stephanie_259@university.edu,d8d9ccfb-4918-498d-b2cd-e36c75e2f6ec,Renewable Energy Mapping,machine learning,2021-01-17
87,george.torres@protonmail.com,f7b9766a-f34f-437c-bc30-4ec2e237b295,Fraud Detection System,machine learning,2020-06-26
88,jessica.taylor@yahoo.com,442cb09a-61c1-41d9-a08e-d49968e57a10,Labor Market Trends,machine learning,2022-02-02
89,emily.rivera@gmail.com,43e0a52e-bb69-4192-be3f-07e549e7e825,Biodiversity Survey,field research,2020-04-16
90,mlewis@outlook.com,be6ee17c-edf6-410f-a7b2-40fdbf003889,Infrastructure Assessment,analytics,2022-10-01
91,stephanie_259@university.edu,789ec171-1f6a-442b-8275-aaf48285a67c,Public Health Dashboard,field research,2021-09-17
92,timothy.davis@icloud.com,9a687f47-87e1-4cf9-b060-3e502333f906,Energy Efficiency Audit,machine learning,2020-10-25
93,lhernandez@gmail.com,34081c6f-b910-474f-90dc-a6ceaf839c0b,Biodiversity Survey,machine learning,2020-01-09
94,margaret_564@hotmail.com,1415e8c1-06eb-44de-80f3-87212c21eaf9,Urban Mobility Study,analytics,2024-02-03
95,christopher.thomas@university.edu,a5afd6db-cf4a-4d45-aa3b-4db615ef2c69,Digital Divide Analysis,machine learning,2022-04-24
96,thomas.flores@icloud.com,18c48761-5286-488a-859b-07df675a3cfe,Healthcare Access Study,field research,2024-08-22
97,jamesflo@university.edu,c5635682-5173-4fe5-a1f3-864ad3c68711,Poverty Alleviation Program,machine learning,2020-06-03
98,patricia.rodriguez@yahoo.com,d542e985-4b61-4ad4-a911-99e060ff8541,Poverty Alleviation Program,analytics,2023-03-06
99,joseph.garcia@edu.com,2b6e21c7-01e2-4df8-bd41-9972efcaaa6a,Urban Mobility Study,field research,2020-08-05
100,sharon.mitchell@icloud.com,71de089d-9ee5-4438-a93c-40e7e1d30dda,Labor Market Trends,field research,2023-04-29
101,kenneth_806@edu.com,410455ef-0cfb-4e27-997d-d56a501ae2e9,Agricultural Yield Prediction,machine learning,2024-01-15
102,barbara.thompson@university.edu,858346df-3cbe-4453-81f5-cab85aaf5efd,Urban Mobility Study,analytics,2022-08-29
103,dsmith@outlook.com,a0195880-298a-4831-9a43-73c2c59e18f9,Voter Turnout Study,machine learning,2020-09-23
104,patriciaflo@icloud.com,1d8b791b-7adb-49ae-a51c-8f969f901fd8,Supply Chain Optimization,machine learning,2024-01-29
105,sharon_699@hotmail.com,4451f4f3-551e-425a-979c-ea977b4f4421,Social Mobility Research,field research,2023-11-15
106,kenneth.walker@protonmail.com,891ce6d7-5c51-40ed-8185-533bc97986cb,Digital Divide Analysis,analytics,2023-08-17
107,steven.scott@protonmail.com,62e52c00-f7cb-4fe8-8a26-25596d88fe37,Digital Divide Analysis,field research,2020-09-24
108,sandra.nguyen@university.edu,830e10d6-b90e-49ea-9992-197f8fffd281,Air Quality Index Tracker,field research,2023-03-14
109,edward.green@outlook.com,531cf3f6-4fd0-46f3-b380-2fa2aec3d727,Fraud Detection System,machine learning,2023-11-06
110,rgreen@university.edu,27eb151c-c2eb-4102-a421-a44ba9c3ecd1,Transportation Network Analysis,analytics,2020-11-19
111,rebeccamil@protonmail.com,2068cc2f-68d2-4925-81e8-85bca6a9b6c7,Healthcare Access Study,machine learning,2024-08-08
112,brian.anderson@university.edu,f3a3940c-d869-454b-8870-d6ebe09b33f0,Healthcare Access Study,field research,2024-12-20
113,rebeccamil@protonmail.com,c3e7760b-a716-49b8-a22e-eac1877c6529,Renewable Energy Mapping,machine learning,2020-05-01
114,michael.mitchell@outlook.com,3a4a09a6-93fc-4315-a579-5f7c54d3524d,Air Quality Index Tracker,field research,2022-04-07
115,anthony.williams@outlook.com,30092878-0e8b-472b-804a-c55e1bd3cb7b,Public Health Dashboard,analytics,2024-07-24
116,gwilliams@university.edu,f0a24a36-8157-4078-8573-e32bcde2ebad,Environmental Compliance,field research,2021-06-01
117,bgarcia@yahoo.com,d84eca10-a23c-4e96-8c53-cc3ea95f5151,Education Gap Research,machine learning,2020-03-09
118,dthomas@university.edu,52a44d15-0fa8-4e5f-a904-df269e2d4f9c,Voter Turnout Study,analytics,2020-10-29
119,margaretlew@yahoo.com,b589ad0e-473c-4212-bfbc-ffb3b79383d8,Customer Behavior Model,machine learning,2021-05-17
120,kennethriv@university.edu,4cc6b852-97f0-4733-aeee-7f2186f11e1b,Food Security Assessment,field research,2021-09-19
121,richardram@edu.com,4c58431a-1c99-4e3b-a143-19bbf1203617,Budget Optimization,machine learning,2020-10-14
122,sharon.mitchell@icloud.com,7509028b-52a1-4217-ad9b-715d63567e73,Air Quality Index Tracker,machine learning,2020-05-04
123,margaret_250@edu.com,cd6436fa-6ca7-4cc6-91bc-414d79f60fcf,Environmental Compliance,machine learning,2022-10-19
124,david.adams@protonmail.com,3db016d1-1c9c-4ab3-ab58-2befe032a18b,Supply Chain Optimization,machine learning,2020-06-11
125,anthony_923@gmail.com,67c976ee-7553-4dff-83cc-acc44f3eddd2,Climate Impact Analysis,analytics,2022-11-07
126,thomas.williams@yahoo.com,cf61a823-ec67-4fbe-b4ba-6aaefdd46ce0,Food Security Assessment,machine learning,2021-01-28
127,david.taylor@yahoo.com,ff284128-2236-47aa-9727-4b3c0b9cb6fa,Fraud Detection System,field research,2023-01-05
128,timothy.roberts@icloud.com,a7662bc4-50d3-4a3b-97b8-661ce7b1cea5,Agricultural Yield Prediction,machine learning,2023-05-12
129,bperez@yahoo.com,44ebaf6e-c788-4930-b405-ea970a96d91b,Housing Affordability,machine learning,2021-10-10
130,george.torres@protonmail.com,49c92fd4-824f-494a-99a0-1729f4a6ef47,Renewable Energy Mapping,analytics,2020-05-01
131,richard_177@protonmail.com,01d3899b-319e-4772-bdd0-2753a652547c,Public Health Dashboard,field research,2021-12-06
132,kenneth_806@edu.com,47906f0e-2b1e-4760-ad05-ba8615fba413,Poverty Alleviation Program,field research,2024-02-19
133,cwilliams@edu.com,e031c4e6-311f-4e52-a275-f033dc605422,Crime Pattern Analysis,analytics,2024-07-08
134,kenneth.adams@edu.com,0359fc4a-40a9-4a49-8408-09ddfc43d0bb,Customer Behavior Model,machine learning,2024-02-01
135,kmartin@protonmail.com,465ebcd8-0e12-4cbc-98a2-dd38a0f60a11,Customer Behavior Model,field research,2021-05-19
136,michael.mitchell@outlook.com,f9058908-8321-4bb8-bfb1-3ba2754c3736,Education Gap Research,field research,2022-10-10
137,margaretlew@yahoo.com,4a21f5fe-452f-460d-b4f8-2a2e58ddfd41,Voter Turnout Study,machine learning,2023-08-10
138,brian.anderson@university.edu,a1215b65-fcb8-4c9d-8dfe-cda2b01ca6b2,Crime Pattern Analysis,analytics,2024-05-07
139,david.taylor@yahoo.com,f1e9acff-e63d-4b05-a6d0-f744b0ff2991,Education Gap Research,field research,2023-12-09
140,kennethriv@university.edu,4e412151-0cda-43b9-a3df-ee1dea795f1a,Air Quality Index Tracker,machine learning,2022-12-11
141,marylew@edu.com,f6f39aa0-3f76-45ef-bc4f-2fd9675d6215,Customer Behavior Model,machine learning,2023-11-20
142,mark.harris@edu.com,b892af56-2dad-4a4b-b303-ba507526731d,Infrastructure Assessment,field research,2020-04-20
143,dscott@icloud.com,e011a5a7-fb40-44da-883c-e575075b1256,Fraud Detection System,machine learning,2022-07-19
144,joshua_831@protonmail.com,11c8fa06-8e5f-4cf3-a2c3-3609ee9899ba,Biodiversity Survey,field research,2024-04-14
145,dthompson@outlook.com,8c087002-5cbf-4094-bd4d-c96b14a260eb,Voter Turnout Study,field research,2022-09-11
146,deborahhil@gmail.com,8a180db8-aa95-4ed8-8cf9-73ae92c3c63a,Supply Chain Optimization,field research,2024-07-07
147,sgonzalez@university.edu,955ec7ce-c1f9-4e1a-b454-49e5b92d3cff,Air Quality Index Tracker,machine learning,2020-07-29
148,george.torres@protonmail.com,f46e043d-d36a-44c2-a823-5581bfbe564c,Climate Impact Analysis,machine learning,2022-07-11
149,michael.mitchell@outlook.com,2a62d53b-cd93-4393-a9ab-f1e0bbb0e957,Poverty Alleviation Program,field research,2024-11-17
150,christopher.thomas@university.edu,22b550e4-5dd7-4ccc-b0fd-97a0ac5f6408,Urban Mobility Study,field research,2023-03-18
151,jroberts@hotmail.com,b46df30d-dd47-4e3a-8645-812e6954a3cd,Infrastructure Assessment,machine learning,2020-12-21
152,aroberts@protonmail.com,7e59ae5c-6e83-4775-9a36-f12c6f2cf1d7,Energy Efficiency Audit,field research,2023-03-13
153,barbara.thompson@university.edu,c38e5885-f84b-423a-86b2-d46e6cfddd90,Healthcare Access Study,field research,2021-06-15
154,joshua_831@protonmail.com,b6eab5ed-a9c1-4c25-9657-323bf3c85b39,Education Gap Research,field research,2020-09-16
155,dorothy_273@edu.com,1fbcd1e3-dee1-4208-b751-e3693cb1703e,Population Growth Forecast,machine learning,2023-05-22
156,michael_965@hotmail.com,095ff93c-58d8-4ce5-967f-46a292ce7518,Social Mobility Research,analytics,2024-11-09
157,kmartin1@protonmail.com,2cefe35f-a8f7-440c-b15c-e94c33ae449e,Infrastructure Assessment,field research,2023-04-27
158,daniel.anderson@icloud.com,8c38da32-d0ca-43f4-b620-d7a66ff0b26d,Agricultural Yield Prediction,field research,2022-01-14
159,michael_965@hotmail.com,1ac9fc65-ab9b-4429-8d88-0fecc1aef197,Food Security Assessment,field research,2020-06-30
160,donaldmar@edu.com,ead23c7d-e98a-4392-b0c5-bf0d79a1e207,Supply Chain Optimization,field research,2024-03-02
161,richard_177@protonmail.com,a6ef5f5d-2055-417b-bc8b-0a1a03082f51,Voter Turnout Study,field research,2021-12-19
162,ashley.hill@protonmail.com,6d44a038-c061-4c05-8102-90fee0fb50d6,Economic Forecasting Model,field research,2020-10-28
163,timothy.davis@icloud.com,30358b1d-e2de-4da1-9d44-50836de59864,Infrastructure Assessment,analytics,2021-06-27
164,jnelson@university.edu,15dbc33d-dbb5-4363-bd33-9b665ad20a79,COVID-19 Impact Study,machine learning,2023-11-17
165,donna_264@gmail.com,25410dd0-522c-49ce-a1bd-cb3e8e13c6d0,Social Mobility Research,analytics,2022-04-28
166,stephanie_259@university.edu,1ea4886d-f13e-42b2-b9f1-ddd95b737d68,Public Health Dashboard,field research,2021-05-05
167,donaldsco@protonmail.com,e205dbdc-bb48-49a5-911f-1cb4897002f3,Disaster Resilience Planning,field research,2021-08-21
168,sarah_416@edu.com,54016903-5212-4dd7-a07c-d819db6690f4,Customer Behavior Model,machine learning,2023-01-10
169,jessica_59@gmail.com,726442bd-accd-4e2a-82bf-d4de73f18f00,Biodiversity Survey,machine learning,2024-10-20
170,sadams@hotmail.com,290ab8c2-9daa-4b22-bbd5-ba72d8492aae,Climate Impact Analysis,field research,2022-08-25
171,betty_996@yahoo.com,f1657524-19a3-440d-a987-bb7ff5466f28,Renewable Energy Mapping,analytics,2020-11-15
172,laura.taylor@edu.com,3b123a2e-3898-4be2-bfd6-94af5367d6ae,Public Health Dashboard,field research,2020-07-25
173,daniel.anderson@icloud.com,974649c9-10fa-4203-8803-333b84c98888,Healthcare Access Study,machine learning,2023-07-29
174,deborahhil@gmail.com,a78e136c-50f3-4ed6-9257-e5a851071b15,Air Quality Index Tracker,field research,2020-06-10
175,margaret_250@edu.com,e26e5433-8371-468d-a9de-9ebc6693571d,Voter Turnout Study,machine learning,2023-02-07
176,edward.green@outlook.com,6f5ce2d5-240a-46c6-8c09-69fc31fe3c42,Environmental Compliance,machine learning,2023-07-25
177,robert.nelson@yahoo.com,123f6899-4240-4b99-bff9-82805434120b,Transportation Network Analysis,analytics,2022-01-27
178,mark_220@outlook.com,585099fa-9b5b-48f8-b9be-dce6404beb1a,Climate Impact Analysis,field research,2022-01-29
179,margaret_564@hotmail.com,51b3f23c-9c0f-44a8-8d72-1a62575a0dfb,Climate Impact Analysis,field research,2022-04-03
180,joshua_831@protonmail.com,194722b6-ba28-483c-b92b-2a3e00f73c4f,Air Quality Index Tracker,analytics,2021-01-14
181,jroberts@hotmail.com,480b8e9f-d845-43da-a012-95e7dbc4f071,Energy Efficiency Audit,machine learning,2024-01-01
182,rebecca.scott@edu.com,bba161d0-525a-4ab0-ac83-dade256bdc37,Social Mobility Research,analytics,2020-09-23
183,marylew@edu.com,d7093818-c99a-41c3-a8fa-eeefe4132f03,Water Quality Monitoring,analytics,2020-01-07
184,kmartin1@protonmail.com,fb5316ef-365e-4e10-8b59-da027c26038a,Disaster Resilience Planning,field research,2020-04-17
185,ashley_445@gmail.com,f41211f3-4fbe-4676-b0ee-d0960b502d8a,Transportation Network Analysis,analytics,2022-09-12
186,plee@edu.com,15caf49e-4fcd-4c3d-9fbf-001ee5eb8f29,Poverty Alleviation Program,field research,2024-10-02
187,mark.harris@edu.com,1b3d534a-fa26-4571-92d3-a5b82f7af742,Water Quality Monitoring,field research,2022-11-25
188,emily.rivera@gmail.com,e126fdab-a7f6-4493-b6a6-e228a7bc6fa3,Air Quality Index Tracker,machine learning,2020-11-29
189,donald.wilson@protonmail.com,fb39915c-1c10-40ef-9182-1f38ef238831,Biodiversity Survey,analytics,2023-06-24
190,brian.robinson@gmail.com,e504b4df-addf-4424-a979-4f261c1343e0,Budget Optimization,analytics,2022-03-07
191,george.torres@protonmail.com,7dc9326b-4c96-4b8f-8076-d2feeda6f762,Economic Forecasting Model,field research,2021-09-07
192,donaldmar@edu.com,1819e927-e9af-4b8c-9498-8f1cc53078e7,Voter Turnout Study,analytics,2024-11-09
193,panderson@edu.com,8b41a2cf-fe49-4fe9-bc72-e658ce6652ee,Food Security Assessment,field research,2023-10-11
194,dorothyriv@university.edu,9f100830-55a2-404f-9f4b-55f5629a1edd,Customer Behavior Model,machine learning,2022-07-15
195,david.taylor@yahoo.com,ba1ed95d-4d07-4664-91e5-3586579d475f,Food Security Assessment,analytics,2022-12-15
196,cwilliams@edu.com,41dc39f1-f868-4680-b30b-bf1d88b95f00,Poverty Alleviation Program,analytics,2024-02-29
197,donnadav@gmail.com,fdd02907-a3f4-44d2-ba3b-a73e4398340c,Economic Forecasting Model,machine learning,2024-07-03
198,patricia.walker@gmail.com,c03284cb-6601-4f4d-a85c-1229fdcfc63c,Agricultural Yield Prediction,field research,2024-01-21
199,donaldmar1@university.edu,d19c64bb-a01c-409f-bb42-fe3c1c9ce6de,Energy Efficiency Audit,machine learning,2021-08-04
200,susan_383@yahoo.com,51f87702-9f8a-4c09-9f42-a65c1bfbcb4b,Poverty Alleviation Program,field research,2024-08-29
201,brian_158@protonmail.com,97019251-4dd1-46c5-b33b-8abf1af349bb,Economic Forecasting Model,machine learning,2023-08-09
202,donald_860@yahoo.com,522a7f7a-c069-4e46-822c-5eb81b123dab,Crime Pattern Analysis,analytics,2021-02-23
203,daniel.anderson@icloud.com,2d313d79-1bd1-4d02-a5d5-e069b15d9754,Biodiversity Survey,machine learning,2023-03-21
204,brian.anderson@university.edu,cb5065ff-0133-4515-86c5-b27cf0ca5a19,Public Health Dashboard,field research,2021-03-12
205,mark.harris@edu.com,cb3c6f40-1ad8-4d05-af16-0493fcc99ee4,Digital Divide Analysis,machine learning,2021-11-05
206,emitchell@edu.com,1a7b0294-52f2-4afa-a333-4be758683382,Public Health Dashboard,field research,2024-08-30
207,dorothy_273@edu.com,9f7d62f4-832c-463f-8fe6-7ea6c5af7056,Economic Forecasting Model,machine learning,2022-02-16
208,donaldmar@edu.com,44974779-0eb3-4ec2-846a-fa28c67e9a54,Urban Mobility Study,analytics,2020-08-18
209,dthomas@university.edu,b4fe45b4-4d6b-436d-8b68-99593eca9bed,Climate Impact Analysis,analytics,2020-12-17
210,emily.rivera@gmail.com,3ed41a0d-a379-40d8-b095-23130ac88912,Budget Optimization,machine learning,2023-09-19
211,srobinson@gmail.com,d03613bf-39ce-48ce-959c-5f2cb0aa2218,Food Security Assessment,machine learning,2024-12-23
212,laura.taylor@edu.com,702feeef-4ebb-475a-86bd-717a19a3d6d6,Customer Behavior Model,machine learning,2020-04-25
213,kmartin1@protonmail.com,12b5fa47-9e28-45c4-b7e9-14d0db93b240,Labor Market Trends,analytics,2023-07-27
214,jlee@gmail.com,a7eb705c-2231-4290-9061-e3e93fc1c355,Agricultural Yield Prediction,analytics,2022-11-16
215,stephanie_259@university.edu,ff57407f-0a2a-49b4-907d-7c74f01189f1,Supply Chain Optimization,field research,2024-05-27
216,joshuagar@edu.com,2cbbf98a-d3f3-4ec5-810c-c09eb811b6ed,Economic Forecasting Model,field research,2023-12-04
217,bgarcia@yahoo.com,1dbef05d-43eb-41c1-a208-be580b902d71,Fraud Detection System,analytics,2024-12-21
218,gwilliams@university.edu,49f291b3-8a3e-4474-88e0-8bfaa0ae8e6d,Fraud Detection System,machine learning,2023-05-09
219,betty_996@yahoo.com,54450956-a7ec-4a1b-96b9-5aedc63d7b45,Renewable Energy Mapping,field research,2022-08-15
220,carolsan@university.edu,91b1c582-48b0-451c-8b97-0ac6038315f3,Customer Behavior Model,field research,2020-12-09
221,daniellee@gmail.com,42c0f45d-720d-492f-a09d-47348df6785b,Customer Behavior Model,machine learning,2021-08-10
222,charlestho@gmail.com,779f95bb-6145-4d67-8ded-bf346310fac7,Poverty Alleviation Program,machine learning,2024-05-05
223,linda.hernandez@edu.com,3f24ac79-0dcb-4023-a2d8-308bd32a2030,Healthcare Access Study,field research,2023-10-17
224,srobinson@gmail.com,de086ec5-3e27-4d55-bbe0-71098f1c4d33,Agricultural Yield Prediction,analytics,2020-06-30
225,christopher.thomas@university.edu,fff63025-b60b-4e92-83cd-254c92019fac,Fraud Detection System,machine learning,2020-11-30
226,kenneth_457@icloud.com,416400ef-8436-4514-89ba-dd66645b0673,Social Mobility Research,analytics,2023-01-08
227,david.adams@protonmail.com,de132c67-5679-4b5d-8730-8fc8f3063d65,Supply Chain Optimization,field research,2020-02-23
228,jroberts@hotmail.com,0513609a-4721-464c-9f92-d60174cb0bda,Water Quality Monitoring,field research,2021-01-29
229,esmith@gmail.com,7b8d7e14-d469-4ffa-9b4b-06c166d12c3d,Infrastructure Assessment,field research,2021-09-05
230,jason_595@protonmail.com,e6cdd520-a232-43f2-a5e3-08709880202f,Disaster Resilience Planning,machine learning,2024-07-15
231,ronald_72@icloud.com,25d149b7-ef40-4e5d-b298-2e2ec4ea6a81,COVID-19 Impact Study,field research,2022-02-08
232,rebecca.scott@edu.com,74672efb-879b-4ed6-bd96-29b26a031609,Agricultural Yield Prediction,field research,2023-03-22
233,edwardjon@edu.com,e031c4e6-311f-4e52-a275-f033dc605422,Biodiversity Survey,machine learning,2020-12-26
234,carolsan@university.edu,76086209-f2e8-4d0a-ba06-f72d5a0b7324,Air Quality Index Tracker,analytics,2023-02-06
235,edward.davis@icloud.com,150c9202-d04e-43c1-bc53-6780d162ef4d,Food Security Assessment,field research,2024-08-24
236,brian_343@university.edu,ead23c7d-e98a-4392-b0c5-bf0d79a1e207,Transportation Network Analysis,machine learning,2023-09-23
237,christopher.thomas@university.edu,8f93007b-5206-4c31-8b1c-661304bfab51,Labor Market Trends,machine learning,2024-10-14
238,jmoore@protonmail.com,a099b877-c55b-4093-a393-0f7826832caf,Biodiversity Survey,machine learning,2022-12-17
239,donald_860@yahoo.com,4d0ccc8d-cb0a-4260-9cf8-e5e80ed5db44,Biodiversity Survey,machine learning,2020-04-30
240,kenneth_806@edu.com,6d541681-b9f2-4813-84e9-7301791220b7,Economic Forecasting Model,field research,2020-11-15
241,michelle.walker@university.edu,772c1afd-58e0-4275-8bc4-936816b3a34b,Biodiversity Survey,analytics,2024-06-06
242,mark_220@outlook.com,8e20af44-9798-4251-bb2c-3cc0f1849ea5,Environmental Compliance,analytics,2023-08-30
243,emily.miller@icloud.com,025f84fa-1076-448e-aa14-9bc0ab0a061e,Water Quality Monitoring,analytics,2020-02-08
244,charles_185@outlook.com,5925dcec-62c3-46a4-b351-1cce98b06641,Food Security Assessment,analytics,2021-07-14
245,edward.davis@icloud.com,62540b88-366d-4c7b-8987-564d4b285003,Renewable Energy Mapping,machine learning,2022-04-28
246,marylew@edu.com,d4014460-3709-4b51-be7f-969c7c4c6824,Customer Behavior Model,analytics,2023-06-22
247,johnper@outlook.com,c8d5a0d0-3fa9-4a12-b00f-fc0903216387,Healthcare Access Study,field research,2022-07-29
248,charles.robinson@icloud.com,b420d4fb-6d17-4a29-b5a6-e16dc26c9a77,Poverty Alleviation Program,analytics,2020-07-07
249,timothy.roberts@icloud.com,997dfe9a-ed1d-4750-ae96-425b6214105c,Urban Mobility Study,field research,2021-07-07
250,rnguyen@university.edu,ffa23a9c-6f91-425c-b72c-078951affc2a,Climate Impact Analysis,analytics,2020-01-03
251,linda.hernandez@edu.com,71de089d-9ee5-4438-a93c-40e7e1d30dda,Biodiversity Survey,machine learning,2021-12-01
252,robert.nelson@yahoo.com,c2cc0cb5-9fcd-4ca4-aeb4-10210c005291,COVID-19 Impact Study,machine learning,2022-08-03
253,michelle.flores@outlook.com,c25bb33c-79b7-421e-9405-f4639f298e25,Supply Chain Optimization,field research,2024-09-28
254,timothy.davis@icloud.com,fc71ccdc-e02a-4c19-9264-d1d17f885789,Customer Behavior Model,machine learning,2022-01-12
255,ashley.flores@outlook.com,4587d1f4-dad8-4fc7-a840-0363e22e6b96,Fraud Detection System,analytics,2024-01-25
256,john.lee@icloud.com,ed5df24c-5ef7-4238-8e39-487694d51fae,Biodiversity Survey,machine learning,2022-09-09
257,klopez@gmail.com,d2d4d1f5-5487-49b8-a2c1-42eb5a2ff17b,Social Mobility Research,analytics,2021-11-22
258,bgarcia@yahoo.com,7c6dd6bb-47df-49de-83cf-f9ac25b60caa,Population Growth Forecast,machine learning,2023-06-12
259,dthomas@university.edu,ab2899d8-4a62-49f3-ba78-f34a9f68844b,Social Mobility Research,field research,2020-11-07
260,sarah_416@edu.com,4ef4d50d-ab91-41d6-ad72-50afe9a63560,Urban Mobility Study,field research,2024-05-23
261,sharon_699@hotmail.com,efcfa1c9-60cb-4ce6-903f-5eb39015a516,Supply Chain Optimization,machine learning,2024-04-07
262,donald.wilson@protonmail.com,60e90ae1-6296-49ae-b596-3c54e63f8114,Economic Forecasting Model,machine learning,2023-12-10
263,jking@protonmail.com,c13891fd-d8e5-4dda-a803-78f6343eee45,Climate Impact Analysis,machine learning,2024-09-11
264,kenneth.adams@edu.com,fc71ccdc-e02a-4c19-9264-d1d17f885789,Healthcare Access Study,machine learning,2021-03-27
265,brian.williams@university.edu,8aaaa939-c718-4893-95c0-6caf5d51fc29,Digital Divide Analysis,analytics,2021-10-21
266,sarah_607@edu.com,c718cb53-4b8b-4993-8460-e9f3edc59896,Fraud Detection System,machine learning,2020-12-03
267,gjackson@protonmail.com,05c713ed-8c8c-4e49-aca2-8c46e6efde73,Climate Impact Analysis,machine learning,2023-12-23
268,kimberly_520@yahoo.com,195f022e-a5d8-48a1-9dc1-b2c53d2fb063,Biodiversity Survey,machine learning,2020-11-01
269,mbaker@protonmail.com,8e3d8a69-3bbb-4c4d-a549-3ffac4e1627d,Urban Mobility Study,field research,2024-07-02
270,stephanie_259@university.edu,b6476087-a7a3-430d-afb0-1f0cc26358da,Economic Forecasting Model,machine learning,2024-11-11
271,jamessmi@icloud.com,e01619b0-1eee-4cb2-967c-090ec7e8de54,Economic Forecasting Model,analytics,2022-06-03
272,sarah_746@hotmail.com,34667edf-2474-41de-9e40-37898d724dbb,Healthcare Access Study,field research,2020-04-21
273,jennifer_894@outlook.com,7c6dd6bb-47df-49de-83cf-f9ac25b60caa,Supply Chain Optimization,machine learning,2020-04-28
274,donald_860@yahoo.com,3fde3fe5-d743-493a-9a6c-6dd29a1155a7,Urban Mobility Study,machine learning,2020-08-30
275,melissa_403@yahoo.com,f8485037-11ce-4df6-8718-fafe64cc1157,Air Quality Index Tracker,field research,2023-08-03
276,johnhar@university.edu,8bdf6c5c-f3d4-4d38-9f0c-93de6ae278ee,Water Quality Monitoring,field research,2022-06-01
277,charlestho@gmail.com,00197eba-e357-40c1-92e4-9945f297680f,Economic Forecasting Model,field research,2023-03-24
278,patricia.rodriguez@yahoo.com,f7b9766a-f34f-437c-bc30-4ec2e237b295,Water Quality Monitoring,analytics,2023-03-08
279,timothysan@gmail.com,f79d2e0e-d1eb-4763-ba39-b219a9e8810c,Air Quality Index Tracker,analytics,2023-01-30
280,brian.williams@university.edu,958cf4df-6c37-49dd-992b-6d05cba79f5d,Disaster Resilience Planning,machine learning,2024-08-21
281,paul_513@outlook.com,5ba84bc3-735b-40b3-afb8-b5c67724c93a,Education Gap Research,analytics,2023-05-24
282,sgonzalez@university.edu,3d90bda4-cdaf-4ca5-b2e7-47d237425a38,Climate Impact Analysis,field research,2023-10-03
283,anthony.williams@outlook.com,7b54e632-6003-4c9d-9a76-5283417f13a1,Housing Affordability,field research,2021-09-28
284,bjones@gmail.com,e9ce4fe8-d8ab-48f4-a265-245c6e66d12e,Water Quality Monitoring,field research,2023-01-09
285,sgonzalez@university.edu,7bce3233-8100-4b58-893e-235159ae1d3e,Population Growth Forecast,analytics,2021-06-08
286,joseph.thomas@outlook.com,1ea4886d-f13e-42b2-b9f1-ddd95b737d68,Water Quality Monitoring,machine learning,2023-06-27
287,ronaldgar@yahoo.com,a98442c5-349a-42a5-b8fc-a90c58cc3ae1,Renewable Energy Mapping,machine learning,2023-01-06
288,charles.robinson@icloud.com,9be23e76-b3e8-4fd2-919e-fe760a65d9f7,Energy Efficiency Audit,machine learning,2021-06-03
289,jenniferlee@yahoo.com,4da150b2-8c5a-4fe3-877b-3e921130b2eb,COVID-19 Impact Study,analytics,2020-01-26
290,joseph.thomas@outlook.com,d630a61c-c53e-43a8-bae1-4179e13f679c,Urban Mobility Study,field research,2023-12-31
291,robert.rivera@university.edu,f15ac98c-ca0e-48a3-9b91-49290100ac25,Fraud Detection System,machine learning,2021-06-11
292,jking@protonmail.com,3936a3f8-00c5-4fd4-89dd-0110037a47f3,Agricultural Yield Prediction,field research,2021-12-27
293,edwardcam@hotmail.com,6b22aec0-e3cd-480a-9588-4ac7f3fdd8a5,Poverty Alleviation Program,analytics,2024-10-10
294,edwardjon@edu.com,b4fe45b4-4d6b-436d-8b68-99593eca9bed,Environmental Compliance,machine learning,2022-07-15
295,deborahhil@gmail.com,2419955f-7f8b-47e9-9dce-bc1c5a5ff3be,Air Quality Index Tracker,analytics,2020-05-14
296,sadams@hotmail.com,e18211b6-504b-4e3a-a05b-1ada2c147f29,Water Quality Monitoring,field research,2022-12-04
297,emilylop@icloud.com,1819e927-e9af-4b8c-9498-8f1cc53078e7,Climate Impact Analysis,field research,2020-11-22
298,emily.miller@icloud.com,974649c9-10fa-4203-8803-333b84c98888,Infrastructure Assessment,machine learning,2021-09-23
299,davidlew@icloud.com,482003af-56eb-4106-b8bc-1da64b73c082,Digital Divide Analysis,analytics,2023-08-05
300,sarah_416@edu.com,69eb3f81-4fb4-41d8-ae32-cfd7f46a7419,Public Health Dashboard,machine learning,2024-06-10
301,sadams@hotmail.com,15dbc33d-dbb5-4363-bd33-9b665ad20a79,Food Security Assessment,machine learning,2023-10-04
302,bperez@yahoo.com,f0525d38-aeb2-4e7f-a9fd-60ffff67ea27,Air Quality Index Tracker,analytics,2023-09-15
303,rebeccamil@protonmail.com,16947c2e-e3ce-448d-8e2e-21232e842420,Customer Behavior Model,field research,2022-04-16
304,bperez@yahoo.com,fcf1d22b-5f09-4da9-b709-5294cc940ed0,Transportation Network Analysis,field research,2020-06-24
305,dorothyriv@university.edu,71773137-7f15-473d-9aff-17c51d20897e,Fraud Detection System,field research,2024-08-26
306,srobinson@gmail.com,7cb043ed-ef7f-41e2-abd4-7d483f839dd9,Labor Market Trends,analytics,2022-11-15
307,dgarcia@yahoo.com,0163ab44-2e53-4cd7-ad6d-5b66e666f084,COVID-19 Impact Study,analytics,2022-02-19
308,mbaker@protonmail.com,2a305c9a-635a-4a00-8aae-0f5c7fea51bf,Climate Impact Analysis,analytics,2021-07-18
309,robert.rivera@university.edu,cb2dfa3b-df9c-41d9-952a-8cab9f3a179f,Urban Mobility Study,machine learning,2022-06-04
310,esmith@gmail.com,90f0e471-b329-48b4-86c0-1166ef316cfd,Infrastructure Assessment,field research,2021-06-20
311,jessica.taylor@yahoo.com,2c42d07b-abf3-4a9a-8e4e-8717cdaf706d,Labor Market Trends,field research,2024-07-07
312,gjackson@protonmail.com,f15ac98c-ca0e-48a3-9b91-49290100ac25,Agricultural Yield Prediction,analytics,2023-05-23
313,edwardjon@edu.com,30358b1d-e2de-4da1-9d44-50836de59864,Disaster Resilience Planning,machine learning,2020-11-14
314,gwilliams@university.edu,4ee181ab-50c6-458a-ac78-d5d6bbfc4fc4,Food Security Assessment,analytics,2024-11-07
315,maryhar@icloud.com,7ecaf8a1-48ed-415c-b812-c0504cedf6e1,Public Health Dashboard,field research,2023-11-05
316,lisa.king@gmail.com,644743a1-fc4d-483e-838a-27d20942cf08,Poverty Alleviation Program,field research,2023-05-06
317,lwhite@gmail.com,a90d5595-53bf-4162-a354-96a17cc8afd2,Disaster Resilience Planning,field research,2024-09-24
318,marylew@edu.com,58991479-8e5f-4d47-90d2-b4ccd1dd76d4,Air Quality Index Tracker,analytics,2023-08-04
319,dorothy_273@edu.com,72481657-2949-4868-81b6-a1e7e76f0394,Customer Behavior Model,field research,2020-05-28
320,bettyhar@university.edu,c8124387-e308-4e27-b953-f084b28a7eb9,Supply Chain Optimization,analytics,2022-05-28
321,bperez@yahoo.com,be49cba4-6c36-433c-9138-23e4e345b393,Supply Chain Optimization,field research,2022-03-07
322,dorothy_89@gmail.com,747b578e-83ab-4282-8146-70b5f13bc94c,Transportation Network Analysis,machine learning,2023-11-03
323,deborahhil@gmail.com,5f52898a-02cb-4558-ac30-257232b64e08,Disaster Resilience Planning,machine learning,2020-11-30
324,bgarcia@yahoo.com,935c578d-b57f-400c-b15c-fe81a44da1c3,Fraud Detection System,machine learning,2020-04-12
325,stevennel@edu.com,d338027f-9a5b-4d8c-9b2b-e98830538e53,Climate Impact Analysis,machine learning,2024-02-25
326,dsmith@outlook.com,a5fd1641-702e-44e5-ba1d-0ff939dde908,Labor Market Trends,field research,2020-11-10
327,edward.davis@icloud.com,101dd064-161e-47e3-887b-d2ce8084aab1,Climate Impact Analysis,machine learning,2023-06-30
328,margaret_564@hotmail.com,09d4e3a5-6ef4-4f32-b305-35b3c4a20f18,Transportation Network Analysis,field research,2023-11-02
329,brian.robinson@gmail.com,8aa4e3c6-2623-4261-8607-4368b021191f,COVID-19 Impact Study,machine learning,2023-12-08
330,lhernandez@gmail.com,ddcde020-138a-498e-a417-4d34aa81330b,Infrastructure Assessment,analytics,2020-03-09
331,kmartin@protonmail.com,5c30b600-4930-4d95-b54e-5115f273b47d,Environmental Compliance,analytics,2022-01-18
332,emilylop@icloud.com,0984cb4c-5772-4da3-9bc1-d97653685519,Poverty Alleviation Program,field research,2024-11-06
333,jmartinez@hotmail.com,535589e5-a472-4add-8896-6019cbf59afb,Water Quality Monitoring,machine learning,2023-04-22
334,stevennel@edu.com,bd18ff7e-5788-454e-9476-9beac9f62715,Budget Optimization,analytics,2024-05-02
335,deborahhil@gmail.com,4a30d3e3-fc03-440d-b0c6-be28280c56c8,Infrastructure Assessment,field research,2021-09-14
336,carolsan@university.edu,aba6a663-b6db-46ae-9211-ef1c6a1a6dfb,Water Quality Monitoring,machine learning,2021-06-24
337,margaret_564@hotmail.com,898d2c2b-fb47-4c96-a94e-851f2c0b3c85,Economic Forecasting Model,field research,2021-07-07
338,brian.robinson@gmail.com,43afe8af-9ee7-4b32-884a-d432c0713886,Digital Divide Analysis,machine learning,2024-11-04
339,edward.green@outlook.com,8c63d1f4-aa52-44ed-9397-c819de3457ba,Environmental Compliance,analytics,2022-01-13
340,christopher.thomas@university.edu,5b7241e7-a8f1-4ca4-820d-34397c4ac889,Food Security Assessment,analytics,2020-06-18
341,betty.carter@outlook.com,bf0140be-0eeb-4eec-9c75-8eb3f53b7a7c,Supply Chain Optimization,machine learning,2021-04-20
342,charles_398@protonmail.com,def2ff0d-c0c9-4f8b-a3cd-5eefcdda0a35,Customer Behavior Model,field research,2024-09-06
343,christopher.rivera@university.edu,6a5b9716-a884-4d19-9a26-1afd667facb2,Water Quality Monitoring,machine learning,2023-11-29
344,edwardjon@edu.com,6698b10a-53bf-4b6c-9bed-d20b815294cb,Urban Mobility Study,field research,2021-11-01
345,donaldmar1@university.edu,81ea0704-2500-4cc3-846d-5db7911f8c37,Supply Chain Optimization,field research,2020-12-04
346,dorothy_273@edu.com,aaef7cb8-4050-4ce5-be06-bdb6559ad6a0,Energy Efficiency Audit,analytics,2023-06-17
347,rebecca.scott@edu.com,85a0d028-2196-440a-95b6-c91cd883382d,Labor Market Trends,field research,2022-01-29
348,kevinada@yahoo.com,7e0a3b81-ec5f-46c8-b6a3-ccd9d427f099,COVID-19 Impact Study,machine learning,2021-06-08
349,dnelson@icloud.com,e41de420-be3d-4b50-bb07-6dd80320857c,Energy Efficiency Audit,analytics,2021-05-08
350,laura.taylor@edu.com,2b6fa8ce-2682-4f51-864d-74be746291f5,Climate Impact Analysis,analytics,2020-09-04
351,steven.scott@protonmail.com,4f37f511-1ff0-4e55-af21-acec8d0957dc,Supply Chain Optimization,machine learning,2022-09-04
352,ronaldgar@yahoo.com,a515eb02-1cc6-486a-aecf-17465772598b,Voter Turnout Study,analytics,2023-10-08
353,michelle.flores@outlook.com,8d6f1311-1b30-4e7f-b283-2c550fd8e04e,Economic Forecasting Model,analytics,2023-06-29
354,gjackson@protonmail.com,e031c4e6-311f-4e52-a275-f033dc605422,Fraud Detection System,machine learning,2022-01-24
355,barbara.thompson@university.edu,0793cafa-1513-41d4-8015-c6428356e7e0,Fraud Detection System,analytics,2022-08-21
356,donaldmar@edu.com,ff1aff7c-f3f6-4193-819e-a93f7bf30e6c,Population Growth Forecast,analytics,2023-06-02
357,gwilliams@university.edu,fd11da84-1ecc-4751-82f4-94225f3c3e92,Economic Forecasting Model,machine learning,2021-10-16
358,cwilliams@edu.com,23be4eff-bcdb-4417-aad8-4c10da1dee4b,Agricultural Yield Prediction,analytics,2023-10-27
359,david.taylor@yahoo.com,daeda945-ac74-44fa-8cb8-5adf7ad23186,Education Gap Research,machine learning,2021-04-25
360,jason_595@protonmail.com,210d00aa-f120-44a0-8f7d-44db72484fae,Education Gap Research,analytics,2024-02-21
361,sarah_607@edu.com,35dcc69a-ded9-42a7-9646-db85f04d3d14,Labor Market Trends,field research,2022-09-15
362,donaldmar1@university.edu,f80763ad-ce4a-4f51-aa40-7a3e19de037b,Budget Optimization,machine learning,2022-06-14
363,cwilliams@edu.com,e7904211-2c90-45fc-9bb6-17150f328ce4,Climate Impact Analysis,machine learning,2021-02-08
364,dorothyriv@university.edu,16947c2e-e3ce-448d-8e2e-21232e842420,Climate Impact Analysis,analytics,2022-05-10
365,daniellee@gmail.com,9ca725e7-5e60-4291-b10d-d74e03ed8561,Supply Chain Optimization,field research,2021-10-29
366,timothy.davis@icloud.com,e3324419-0fe2-4498-8a4c-2fc79ef8c371,Renewable Energy Mapping,field research,2020-03-31
367,jamesbak@university.edu,cbb0fb41-62d6-49be-aaeb-bcbb48dcce94,Population Growth Forecast,analytics,2023-06-09
368,bettyhar@university.edu,ff84c02f-fd9e-499c-b61f-f0c0f8d5dde3,Transportation Network Analysis,field research,2023-01-13
369,kenneth.walker@protonmail.com,13f09ea9-f42b-401a-9dab-8348b637f362,Healthcare Access Study,analytics,2022-01-18
370,nancyram@hotmail.com,3fbcc5f7-e0e9-4899-9eda-a719b2b7e3d8,Population Growth Forecast,machine learning,2024-03-12
371,kimberly_723@icloud.com,3fde3fe5-d743-493a-9a6c-6dd29a1155a7,Environmental Compliance,field research,2024-03-14
372,rebecca.thompson@yahoo.com,80ead091-f2af-4908-acd6-349d987ec4af,Social Mobility Research,machine learning,2024-11-30
373,anthony.williams@outlook.com,ff55ac19-5e8e-400e-b9f5-00177a5f323b,Biodiversity Survey,field research,2022-01-09
374,edward.green@outlook.com,8e73c34c-40ad-4403-bcab-3525f771bd54,Water Quality Monitoring,field research,2021-03-21
375,danielmil@gmail.com,94be9026-81c6-4624-9b11-3d10bb3a24ca,Population Growth Forecast,analytics,2022-01-22
376,patricia.walker@gmail.com,e1379884-803f-470b-83c5-ba89dde5a61a,Education Gap Research,field research,2020-10-05
377,joshuagar@edu.com,52c43ee8-283a-46ac-890a-db02158bf626,Social Mobility Research,analytics,2023-12-18
378,sharonwri@protonmail.com,c877d9fd-a973-4d25-96c7-5f5b6d3d9d41,Budget Optimization,machine learning,2022-02-03
379,dthomas@university.edu,e507e3aa-7a25-4c22-bce2-8a4a32e918b8,Public Health Dashboard,machine learning,2021-02-09
380,christopher.rivera@university.edu,9dd02d70-d564-4086-87f9-d64019ce201e,Water Quality Monitoring,field research,2020-02-20
381,brian.anderson@university.edu,b482f747-587a-4114-8dfd-b35f219ecaec,Digital Divide Analysis,machine learning,2024-04-19
382,dorothy_89@gmail.com,df8ff8f9-e6e6-4a65-8875-8c3c254e5e07,Fraud Detection System,machine learning,2022-06-27
383,charles_185@outlook.com,4d8c92e2-91c6-4b33-97ba-74fc766c52c0,Agricultural Yield Prediction,machine learning,2024-10-09
384,kenneth.brown@icloud.com,c1951603-1a6c-44d3-a0ec-6bf147523504,Population Growth Forecast,field research,2023-10-15
385,joshuagar@edu.com,4c08faa5-d441-4a56-93e1-aadcf4a4a682,Renewable Energy Mapping,machine learning,2020-07-02
386,rnguyen@university.edu,322f3b6b-f3f1-40f4-a866-291655db8995,Food Security Assessment,field research,2023-01-05
387,michael_965@hotmail.com,c666bde7-6ffa-451b-a373-29c669a84ae6,Population Growth Forecast,analytics,2024-10-30
388,donald_139@gmail.com,a0a903f3-cf07-4a02-967e-2121078df2be,Supply Chain Optimization,machine learning,2021-05-23
389,edward.green@outlook.com,3db4531d-c7b0-471b-b51b-640ca15ac948,Housing Affordability,field research,2023-02-01
390,brian_158@protonmail.com,9f029d90-f9d9-4d45-990a-2d45439799eb,Poverty Alleviation Program,analytics,2023-12-13
391,deborahhil@gmail.com,96afb656-f40c-4d95-9f2f-07de12ad0ab6,Poverty Alleviation Program,analytics,2023-09-11
392,srobinson@gmail.com,2e144e8c-8b68-454c-a45e-2097ca757c3e,Poverty Alleviation Program,machine learning,2022-07-16
393,donald_139@gmail.com,d41528cd-3d4f-4c2e-bc66-3f651c8817bd,Labor Market Trends,analytics,2024-04-04
394,margaret_564@hotmail.com,c16897cf-e030-43a3-aca2-2c257225ba21,Poverty Alleviation Program,machine learning,2021-07-06
395,thomas.flores@icloud.com,bba37e89-0650-444e-a4c5-f749f199429a,Economic Forecasting Model,analytics,2023-07-06
396,sadams@hotmail.com,cefc1ca1-e3cc-4ea5-a10b-c6486c170923,Healthcare Access Study,analytics,2020-12-12
397,tgreen@gmail.com,c51d7e07-cb60-4779-8d06-1f19969a3739,Housing Affordability,field research,2021-02-24
398,edward.davis@icloud.com,49a62bfc-dc1c-4875-83bc-3300f18805cc,Budget Optimization,machine learning,2023-10-17
399,donna.young@icloud.com,c8eec241-1536-49b4-bc9c-21d46bb6f716,Education Gap Research,field research,2023-03-04
400,charles.robinson@icloud.com,6668e10f-3a29-45ee-b631-428f643d7d81,Healthcare Access Study,analytics,2021-03-05
401,dsmith@outlook.com,872104e0-5412-4569-83df-bd445712ba19,Water Quality Monitoring,analytics,2023-02-18
402,panderson@edu.com,cb39b67f-dd55-4bcf-875b-dacc549eda3f,Healthcare Access Study,analytics,2024-02-01
403,sharon.mitchell@icloud.com,b915d4f1-569d-486c-81f8-c99ebf835ddb,Food Security Assessment,field research,2021-02-18
404,donnadav@gmail.com,5b7241e7-a8f1-4ca4-820d-34397c4ac889,Voter Turnout Study,machine learning,2020-06-01
405,jamesflo@university.edu,b13c3b89-ac4a-49a5-b2a2-85073d94b78e,Healthcare Access Study,field research,2024-10-04
406,kimberly_520@yahoo.com,09c6295b-c2e4-48bd-a355-4796d05e1448,Population Growth Forecast,field research,2020-11-07
407,aroberts@protonmail.com,b8cc9586-1fbd-4290-b952-894dfb88429e,Public Health Dashboard,machine learning,2020-10-25
408,jennifer.lee@university.edu,ac9177d7-9ac6-4eda-9174-abbeccfe7233,Renewable Energy Mapping,machine learning,2020-01-31
409,jamesbak@university.edu,7d7b0d5a-fd6c-4148-9ea1-6561310c1807,Energy Efficiency Audit,machine learning,2022-11-04
410,thomas.williams@yahoo.com,cf61a823-ec67-4fbe-b4ba-6aaefdd46ce0,Transportation Network Analysis,analytics,2024-03-16
411,jamessmi@icloud.com,acc6aa87-592a-4b1d-b725-5bf8ed75785c,Budget Optimization,field research,2021-01-25
412,carolsan@university.edu,83846155-c7b1-46da-bf47-95e1ac7e2b8b,Labor Market Trends,machine learning,2023-05-10
413,donald_901@protonmail.com,3185aaf1-0fd7-4a2e-8cfa-f983c9a17755,Biodiversity Survey,machine learning,2020-12-26
414,steven.scott@protonmail.com,f5d4b1ad-87f0-4a9c-8f5c-92f8fa50c9e2,Urban Mobility Study,field research,2023-04-05
415,emitchell@edu.com,ec42da88-7992-421f-a6c9-adc905bc9db2,Infrastructure Assessment,analytics,2020-10-14
416,charles_398@protonmail.com,19984b95-10ff-4089-a5cc-ac37147539d7,Energy Efficiency Audit,field research,2022-12-18
417,gjackson@protonmail.com,82349ef7-0454-4c4e-a8ef-695af04cd5b9,Food Security Assessment,field research,2024-06-13
418,bgarcia@yahoo.com,82d3c33e-a420-49c9-a623-d4f1de33f9da,Housing Affordability,field research,2024-04-04
419,richardram@edu.com,5600fc26-35f1-4882-bf0f-d76daa10b26b,Customer Behavior Model,machine learning,2024-04-10
420,mark_220@outlook.com,8d045058-84ce-4453-837a-c4983e2b3803,Public Health Dashboard,analytics,2024-12-16
421,bgarcia@yahoo.com,f8485037-11ce-4df6-8718-fafe64cc1157,Economic Forecasting Model,machine learning,2023-05-05
422,ashley.flores@outlook.com,5813135d-96f5-4eaf-9ec4-1dbcd7af2a8e,Customer Behavior Model,analytics,2023-12-12
423,deborahtho@university.edu,f6a0ac90-f820-49fe-87a8-effd93c71629,Crime Pattern Analysis,machine learning,2022-11-13
424,mark_220@outlook.com,dd139c1b-dc02-4bf5-b740-01ed61536aeb,Biodiversity Survey,machine learning,2023-02-17
425,mark_829@hotmail.com,ac208fb0-6f01-4a90-a476-b30294763c3b,Infrastructure Assessment,machine learning,2024-05-20
426,timothy.davis@icloud.com,ffa23a9c-6f91-425c-b72c-078951affc2a,Environmental Compliance,machine learning,2020-10-02
427,joseph.thomas@outlook.com,44e2b596-3749-4491-b43a-58fd19e94378,Digital Divide Analysis,analytics,2020-12-21
428,sharon.mitchell@icloud.com,80814c59-3bca-4bf6-944c-41136372706a,Poverty Alleviation Program,field research,2023-12-26
429,gwilliams@university.edu,fb5316ef-365e-4e10-8b59-da027c26038a,Supply Chain Optimization,machine learning,2021-03-11
430,mlewis@outlook.com,3de1f8a0-ab19-416d-be5b-9b37816a3378,Crime Pattern Analysis,analytics,2024-01-04
431,brian.robinson@gmail.com,ae7cad10-3e93-4c2b-88ec-fff05c35b85e,Air Quality Index Tracker,field research,2020-04-22
432,klopez@gmail.com,6b321da8-3a70-41c0-a766-a748568b21b5,Population Growth Forecast,machine learning,2023-12-01
433,sarah_416@edu.com,e907dd2c-9c10-4729-86a8-1806a9ed1b04,Social Mobility Research,field research,2022-08-18
434,matthew.nelson@university.edu,56783cbc-8ff5-4d48-b9c5-7cb6001400df,Transportation Network Analysis,machine learning,2024-04-28
435,ashley.hill@protonmail.com,998dd2bf-cfca-4080-a321-aee3a17f8fb8,COVID-19 Impact Study,machine learning,2020-12-27
436,melissa_403@yahoo.com,d5c6b18a-c7ca-4e10-86da-f36bbfdd0a4d,Economic Forecasting Model,field research,2024-04-03
437,sandramit@outlook.com,299d0fe0-7eed-437b-a2cb-ab11fa68aaeb,Poverty Alleviation Program,field research,2024-10-03
438,jessica_59@gmail.com,f358f829-66ab-44c7-9e28-6028f7fc7b7a,Voter Turnout Study,machine learning,2020-12-06
439,sandra.young@outlook.com,3d17662d-3b59-4721-bec9-20b1767042c1,COVID-19 Impact Study,field research,2024-12-29
440,jmoore@protonmail.com,c03284cb-6601-4f4d-a85c-1229fdcfc63c,Economic Forecasting Model,analytics,2022-03-02
441,jcarter@gmail.com,5c967b90-2f99-4989-9aae-36feb992e8c5,COVID-19 Impact Study,machine learning,2021-09-25
442,donnatay@protonmail.com,0181dcaa-499b-41fc-9682-7b85c0998274,Environmental Compliance,analytics,2020-09-25
443,charles.robinson@icloud.com,77361be6-3e18-469b-a34f-b5c460325746,Economic Forecasting Model,analytics,2020-05-27
444,david.adams@protonmail.com,00220f06-bbe1-4945-b5a1-ba319e9d25a0,Economic Forecasting Model,machine learning,2024-05-29
445,anthony.williams@outlook.com,bf27713f-2900-455e-93f2-b13e2c8c6042,Infrastructure Assessment,analytics,2023-12-11
446,jessica.lewis@icloud.com,6ebf38e4-0d32-4053-9aa9-24a3a536a354,Education Gap Research,machine learning,2024-10-19
447,steven.scott@protonmail.com,4d9f7f2f-2648-47d7-a53e-19ceca091a8e,Housing Affordability,field research,2020-07-07
448,anthony_923@gmail.com,e0c9e46c-47e7-423e-be85-555f46b218d3,Agricultural Yield Prediction,field research,2024-07-20
449,cwilliams@edu.com,61d5432e-02ff-483f-a240-00687170a599,Budget Optimization,analytics,2020-02-19
450,richard_177@protonmail.com,90aa0897-3813-4158-bfc7-a490dcf6e059,Healthcare Access Study,machine learning,2020-09-23
451,robert.nelson@yahoo.com,5045b8c3-bff4-445c-8644-82d254bb09af,Fraud Detection System,machine learning,2020-07-02
452,dwilliams@yahoo.com,72bcfeed-0688-444e-966d-b3c1e13fa517,Food Security Assessment,analytics,2020-01-20
453,donaldmar1@university.edu,05267f86-def3-4b8e-be9f-7fd38749274a,Crime Pattern Analysis,analytics,2020-03-28
454,edwardcam@hotmail.com,cd6436fa-6ca7-4cc6-91bc-414d79f60fcf,Fraud Detection System,analytics,2022-07-30
455,donnadav@gmail.com,4249eaa3-e78a-4a7e-98ef-64b8ee9dd1c0,Digital Divide Analysis,analytics,2024-03-31
456,kenneth_806@edu.com,385e2047-ad3b-4f73-a3f8-80607a1397ab,Crime Pattern Analysis,machine learning,2024-11-11
457,bperez@yahoo.com,8e4862a4-50ee-4d4a-b108-3ae00b2a472b,Education Gap Research,analytics,2023-01-17
458,stephanie_259@university.edu,fdd02907-a3f4-44d2-ba3b-a73e4398340c,Public Health Dashboard,analytics,2023-09-18
459,susan_383@yahoo.com,b6d4fa55-95a6-4f78-bf73-81861a9022df,Urban Mobility Study,analytics,2020-03-02
460,george.torres@protonmail.com,3cce10ba-0fe2-4566-959d-ad38e8c8fe7a,Fraud Detection System,field research,2024-12-22
461,georgedav@protonmail.com,9371111c-ba7b-416e-b81c-f1128480a4e6,Disaster Resilience Planning,machine learning,2020-01-11
462,christopher.thomas@university.edu,39a9aa76-cef1-4cfd-a545-4b551a54236b,Customer Behavior Model,machine learning,2022-03-05
463,aroberts@protonmail.com,f79d2e0e-d1eb-4763-ba39-b219a9e8810c,Public Health Dashboard,field research,2021-04-28
464,ronaldgar@yahoo.com,8003204b-36f1-40c9-9b0a-b4ece69b1f47,Customer Behavior Model,machine learning,2022-10-11
465,brian_343@university.edu,12016ef0-41df-4ed1-81c3-961a8863590f,Transportation Network Analysis,analytics,2020-03-15
466,kevin.williams@edu.com,90470a82-3ea3-4eac-ac80-e4140b676ffe,Infrastructure Assessment,machine learning,2020-04-09
467,kenneth.brown@icloud.com,8a5bdf5b-2f60-4613-806e-03f54dd58c95,Food Security Assessment,field research,2020-01-15
468,kevinall@gmail.com,704bda8e-5fd4-4361-b349-1b38ad7b2f80,Digital Divide Analysis,analytics,2023-11-13
469,charles.robinson@icloud.com,283b5ba2-f530-4a28-b337-2fab7007e315,Fraud Detection System,machine learning,2021-04-13
470,sarah_416@edu.com,1a37383d-8da7-4ec3-b6b3-e66455d6a621,Environmental Compliance,machine learning,2020-02-25
471,lramirez@university.edu,b6d4fa55-95a6-4f78-bf73-81861a9022df,Healthcare Access Study,field research,2021-01-18
472,joshuagar@edu.com,477dbda7-c554-4ef9-ad47-08de86e8cfa0,Agricultural Yield Prediction,analytics,2020-03-14
473,kennethriv@university.edu,6a178165-27ac-47ee-8bde-484fb90716db,Digital Divide Analysis,field research,2021-07-11
474,ashley.hill@protonmail.com,5fd93d06-3f0a-453d-a748-4d4c528465be,Economic Forecasting Model,machine learning,2021-05-15
475,jamesflo@university.edu,0d9246c5-d989-4c14-b38e-4bef1a683d1f,Fraud Detection System,machine learning,2023-09-25
476,christopher.thomas@university.edu,dca0300f-ec77-4233-95ce-f7556a7a57f7,Renewable Energy Mapping,machine learning,2020-07-24
477,sarah_607@edu.com,bd0d91de-ee48-48ad-986f-205f4df735dc,Air Quality Index Tracker,analytics,2020-03-01
478,donaldsco@protonmail.com,03dea6db-e3b6-4a8e-8b16-aa824ae8eef8,Water Quality Monitoring,analytics,2020-04-22
479,brian.robinson@gmail.com,49f291b3-8a3e-4474-88e0-8bfaa0ae8e6d,Customer Behavior Model,analytics,2021-08-23
480,bgarcia@yahoo.com,a7ec22dc-7ddf-410f-9e52-40b279427122,Infrastructure Assessment,analytics,2023-07-30
481,richard.roberts@gmail.com,c162bad5-d829-4b7a-976f-50fc2ca23513,Food Security Assessment,field research,2023-10-25
482,joshuagar@edu.com,df03c3a5-dd59-4157-ac96-649717b9c336,Agricultural Yield Prediction,analytics,2021-04-29
483,george.torres@protonmail.com,32ab298d-d542-4620-bb9c-64ee4fcb400b,Crime Pattern Analysis,machine learning,2021-04-06
484,mark_829@hotmail.com,402db6e4-752b-4441-a94c-5ae6995d5455,Labor Market Trends,machine learning,2021-07-23
485,richard.roberts@gmail.com,bd0d91de-ee48-48ad-986f-205f4df735dc,Disaster Resilience Planning,analytics,2023-04-19
486,margaret_250@edu.com,d04260ce-357a-4202-997c-c78dffbdcbee,Population Growth Forecast,analytics,2023-12-09
487,betty.carter@outlook.com,ed24d74d-6290-465d-9998-b562d877aea7,Poverty Alleviation Program,field research,2021-09-03
488,psmith@outlook.com,9abc8911-7b85-4ae6-9f98-e04af8e76087,Education Gap Research,field research,2022-02-11
489,jking@protonmail.com,babf0201-9e47-43c5-ad0c-f957e9eeb758,Urban Mobility Study,analytics,2023-12-31
490,kennethriv@university.edu,76ac6d08-65d7-4642-a6c9-99a8851a1b32,Population Growth Forecast,analytics,2023-08-20
491,mark.hernandez@icloud.com,8bd32344-7c7e-4498-9d8e-870976e208e1,Healthcare Access Study,machine learning,2020-01-12
492,edwardcam@hotmail.com,b988283c-fd9d-4df3-8c19-78d7abd7c5cc,Food Security Assessment,machine learning,2024-04-22
493,carolsan@university.edu,f5eddd58-2e6a-4342-b66a-e815dcc33525,Labor Market Trends,machine learning,2022-11-12
494,david.taylor@yahoo.com,2aaab026-05e0-464f-bce3-81bcc714f07e,Renewable Energy Mapping,field research,2021-08-17
495,donnatay@protonmail.com,13c28af8-92f1-4f03-a0b8-8e792ebfa394,Renewable Energy Mapping,machine learning,2023-08-09
496,lisa.king@gmail.com,5c30b600-4930-4d95-b54e-5115f273b47d,Economic Forecasting Model,field research,2020-08-04
497,richardram@edu.com,1dbfe95f-7f52-437b-8de6-30046f6e81dd,Customer Behavior Model,field research,2020-02-13
498,john.lee@icloud.com,5410a960-6816-4a74-bfa9-8381687b983e,Energy Efficiency Audit,analytics,2020-07-13
499,ashley.hill@protonmail.com,d501f802-631f-4990-b9da-8b1f7624779c,Economic Forecasting Model,field research,2022-12-05
500,barbara_424@gmail.com,b20ba298-ecb4-459d-b95b-e3fec3941890,Disaster Resilience Planning,analytics,2022-04-11
